Wilayah,Komposit,NCPR,Kemiskinan (%),Pengeluaran Pangan (%),Tanpa Listrik (%),Tanpa Air Bersih (%),Lama Sekolah Perempuan (tahun),Rasio Tenaga Kesehatan,Angka Kesakitan,Stunting (%),IKP,IKP Ranking,
aceh selatan - bakongan,4,4.32,7.42,84.11,0.39,6.84,8.52,100.00,7.78,10.61,60.69,237,
aceh selatan - kluet utara,6,0.25,11.69,25.04,0.70,23.00,8.33,100.00,15.28,11.57,79.53,51,
aceh selatan - kluet selatan,6,0.45,14.17,26.80,1.35,2.49,8.34,100.00,13.97,2.59,81.56,24,
aceh selatan - labuhan haji,6,0.97,4.26,34.06,0.03,3.32,9.93,100.00,9.97,2.57,82.36,16,
aceh selatan - meukek,5,0.87,12.26,55.13,1.80,10.94,8.38,100.00,26.04,6.25,74.38,143,
aceh selatan - samadua,5,1.46,3.29,50.88,0.36,42.50,9.95,100.00,17.76,28.54,69.75,204,
aceh selatan - sawang,4,0.90,6.45,53.17,0.00,61.41,8.47,95.64,24.47,7.43,68.96,208,
aceh selatan - tapaktuan,3,5.00,1.42,20.55,0.00,21.05,10.36,24.21,16.69,94.73,53.10,252,
aceh selatan - trumon,5,0.36,20.51,55.86,0.00,38.90,7.63,100.00,14.21,7.88,75.05,129,
aceh selatan - pasi raja,5,0.84,15.40,41.75,1.77,28.05,7.92,100.00,23.06,14.51,71.48,188,
aceh selatan - labuhan haji timur,5,0.63,12.58,71.02,0.24,26.34,9.20,100.00,13.33,2.57,77.73,87,
aceh selatan - labuhan haji barat,5,0.57,14.03,53.46,0.51,31.97,7.78,100.00,23.65,2.57,73.84,153,
aceh selatan - kluet tengah,4,0.29,13.18,69.79,4.59,59.67,6.39,100.00,36.11,33.57,64.23,230,
aceh selatan - kluet timur,5,0.26,13.48,66.03,0.17,14.83,8.35,100.00,24.08,91.80,73.88,152,
aceh selatan - bakongan timur,5,0.52,25.16,63.73,1.46,35.63,8.12,100.00,14.49,10.61,72.75,169,
aceh selatan - trumon timur,5,0.50,26.35,88.62,0.04,12.65,7.00,100.00,14.16,10.61,76.80,103,
aceh selatan - kota bahagia,4,0.40,32.36,61.14,7.87,36.76,7.24,100.00,15.51,33.28,67.18,218,
aceh selatan - trumon tengah,5,0.60,14.24,67.11,0.76,38.95,10.05,100.00,15.16,91.80,70.22,198,
aceh tenggara - lawe alas,6,0.16,6.48,67.11,1.63,38.20,8.35,100.00,11.83,12.29,79.27,58,
aceh tenggara - lawe sigala-gala,5,0.18,5.87,61.00,1.03,44.72,8.70,83.21,20.46,25.63,76.32,113,
aceh tenggara - bambel,6,0.26,4.09,46.44,1.94,38.64,8.36,29.49,18.75,18.22,80.35,43,
aceh tenggara - babussalam,5,0.98,1.67,31.00,0.06,54.54,9.13,5.92,14.95,6.14,77.89,81,
aceh tenggara - badar,6,0.56,4.02,57.79,0.00,21.75,8.24,14.65,15.54,12.12,84.03,10,
aceh tenggara - babul makmur,6,0.15,5.03,65.32,1.23,17.24,9.29,100.00,9.82,2.28,84.29,8,
aceh tenggara - darul hasanah,5,0.27,9.48,75.24,1.64,46.45,9.07,100.00,7.06,12.45,78.00,75,
aceh tenggara - lawe bulan,5,0.31,4.64,29.67,0.00,42.10,9.33,64.03,31.32,33.02,74.42,142,
aceh tenggara - bukit tusam,5,0.15,4.51,73.98,1.03,56.01,9.52,53.05,13.90,37.90,77.74,85,
aceh tenggara - semadam,6,0.15,5.99,68.15,1.66,26.10,9.15,87.71,18.83,2.57,80.59,38,
aceh tenggara - babul rahmah,5,0.12,4.39,60.13,0.49,67.68,9.12,100.00,12.81,46.12,73.90,151,
aceh tenggara - ketambe,5,0.22,5.49,60.43,2.33,23.20,8.29,100.00,21.84,45.16,76.66,106,
aceh tenggara - deleng pokhkisen,6,0.15,7.19,58.13,0.08,44.84,8.95,84.80,11.06,22.57,79.30,57,
aceh tenggara - lawe sumur,5,0.12,4.07,66.14,0.89,62.26,9.43,41.91,12.17,44.55,77.80,82,
aceh tenggara - tanoh alas,6,0.14,5.12,47.86,2.06,18.89,7.64,99.23,13.16,42.18,80.56,39,
aceh tenggara - leuser,5,0.12,8.22,79.27,14.58,43.06,7.07,100.00,8.70,30.84,72.17,182,
aceh timur - darul aman,5,0.29,10.39,30.71,1.57,37.34,9.04,100.00,18.06,38.73,74.80,138,
aceh timur - julok,5,0.37,9.52,58.04,1.05,41.02,8.99,100.00,11.63,28.93,76.38,111,
aceh timur - idi rayeuk,6,1.43,9.51,85.33,0.06,17.52,8.41,34.02,6.60,14.90,79.51,53,
aceh timur - birem bayeun,5,0.97,7.45,47.76,0.09,12.00,8.07,100.00,23.61,20.80,75.34,126,
aceh timur - serbajadi,5,0.09,22.76,70.41,0.35,40.36,8.05,100.00,12.35,27.11,75.32,127,
aceh timur - nurussalam,4,0.21,14.55,78.87,0.75,35.54,7.43,100.00,43.01,30.01,68.40,211,
aceh timur - peureulak,5,0.31,14.32,46.36,1.56,49.66,8.83,81.13,18.21,20.96,73.67,157,
aceh timur - rantau selamat,5,0.61,14.95,67.09,1.06,11.68,7.55,100.00,10.45,29.54,78.46,69,
aceh timur - simpang ulim,6,0.16,11.46,84.01,0.00,30.30,7.09,100.00,11.49,19.65,79.69,49,
aceh timur - rantau peureulak,5,0.21,11.32,41.97,2.05,54.68,8.05,100.00,12.64,22.25,74.34,145,
aceh timur - pante bidari,5,0.23,14.14,54.73,0.00,21.07,8.08,100.00,18.73,21.40,78.18,72,
aceh timur - madat,5,0.13,15.21,52.52,1.12,26.52,8.66,100.00,16.43,38.18,76.96,98,
aceh timur - indra makmu,6,0.69,9.45,19.10,0.90,12.70,8.92,100.00,11.94,1.63,80.45,42,
aceh timur - idi tunong,5,0.27,17.76,47.01,1.83,15.14,7.83,100.00,19.57,31.94,76.45,108,
aceh timur - banda alam,5,0.24,23.48,55.01,1.50,38.80,6.58,100.00,18.47,0.00,73.58,159,
aceh timur - peudawa,6,0.44,15.86,56.27,0.28,6.03,7.64,100.00,16.34,21.90,79.38,56,
aceh timur - peureulak timur,5,0.46,22.86,41.56,0.94,38.14,8.55,100.00,21.50,18.22,71.23,192,
aceh timur - peureulak barat,6,0.17,19.03,15.16,1.99,5.03,7.42,100.00,13.68,25.04,80.24,45,
aceh timur - sungai raya,6,0.26,15.66,70.45,0.91,28.20,8.19,100.00,7.17,13.46,79.73,48,
aceh timur - simpang jernih,5,0.26,32.93,75.79,6.02,37.08,6.88,100.00,13.44,25.00,69.61,206,
aceh timur - darul ihsan,6,0.31,14.57,65.01,1.59,5.15,9.29,100.00,7.28,32.88,82.01,20,
aceh timur - darul falah,5,0.11,13.81,66.22,2.84,35.16,9.23,100.00,26.67,16.54,73.66,158,
aceh timur - idi timur,6,0.57,11.95,49.00,0.43,38.32,9.53,13.96,13.87,23.87,79.38,55,
aceh timur - peunaron,5,0.11,9.91,73.65,0.79,55.58,6.57,100.00,14.45,27.51,74.72,140,
aceh tengah - linge,5,0.41,13.99,30.40,0.00,20.78,7.51,100.00,20.32,15.78,77.00,97,
aceh tengah - silih nara,5,1.21,18.18,38.00,0.56,12.79,9.60,90.74,24.59,17.20,71.68,187,
aceh tengah - bebesen,3,5.00,4.01,11.94,0.01,3.06,10.38,33.47,16.84,8.50,59.42,244,
aceh tengah - pegasing,5,0.98,10.30,36.28,1.49,24.97,9.45,83.90,28.95,3.69,72.33,177,
aceh tengah - bintang,5,0.84,13.03,58.45,0.10,9.56,8.46,100.00,14.11,18.39,78.00,77,
aceh tengah - ketol,4,2.65,11.51,51.69,0.12,8.87,8.38,100.00,17.92,24.76,66.17,223,
aceh tengah - kebayakan,3,5.00,4.04,21.98,0.00,8.20,10.73,44.71,10.38,8.97,59.81,240,
aceh tengah - kute panang,3,5.00,12.32,22.77,0.45,9.89,9.08,81.53,15.74,16.49,53.60,251,
aceh tengah - celala,5,0.42,26.09,18.84,1.23,47.83,8.57,100.00,15.91,4.31,71.40,191,
aceh tengah - laut tawar,5,2.10,5.24,18.33,0.00,3.10,9.60,67.27,13.61,27.53,74.68,141,
aceh tengah - atu lintang,2,5.00,16.48,15.86,2.12,18.04,8.60,100.00,15.75,28.48,49.02,258,
aceh tengah - jagong jeget,2,5.00,7.86,27.73,1.33,28.07,7.97,100.00,27.42,18.39,46.98,260,
aceh tengah - bies,4,5.00,6.38,33.43,0.04,5.47,10.60,33.95,10.69,0.87,60.55,238,
aceh tengah - rusip antara,5,0.98,20.46,61.26,1.49,25.31,6.94,100.00,11.57,2.17,73.76,155,
aceh barat - johan pahwalan,5,2.98,6.57,11.88,0.00,7.52,10.51,21.91,17.66,21.07,70.01,199,
aceh barat - kaway xvi,5,0.12,32.66,20.65,0.48,44.41,8.39,100.00,18.49,43.08,69.80,203,
aceh barat - sungai mas,4,0.33,41.12,71.00,1.28,63.74,6.65,100.00,21.42,32.38,62.75,235,
aceh barat - woyla,4,0.12,43.48,46.58,1.97,76.21,8.58,100.00,15.29,22.65,63.66,233,
aceh barat - samatiga,5,0.18,16.37,11.78,0.21,48.16,9.09,94.42,18.61,28.02,73.79,154,
aceh barat - bubon,4,0.12,35.92,32.09,0.53,85.75,8.16,100.00,20.62,43.99,61.86,236,
aceh barat - arongan lambalek,5,0.20,37.64,39.35,1.55,23.56,6.52,100.00,16.83,0.00,73.55,160,
aceh barat - pante ceureumen,4,0.17,45.62,12.25,1.82,70.76,8.71,100.00,16.20,17.51,63.87,232,
aceh barat - meureubo,5,0.54,19.42,15.98,0.06,37.94,8.65,100.00,26.50,9.51,71.07,194,
aceh barat - woyla barat,4,0.13,44.47,42.39,1.19,46.63,8.51,100.00,21.28,25.76,66.54,222,
aceh barat - woyla timur,4,0.23,67.75,53.23,1.94,6.80,6.73,100.00,15.53,32.57,67.73,215,
aceh barat - panton reu,4,0.25,45.61,18.89,0.79,42.60,6.44,100.00,17.86,36.26,66.61,221,
aceh besar - lhoong,5,0.26,22.59,36.74,0.00,27.24,8.55,100.00,21.29,32.85,73.90,150,
aceh besar - lhoknga,2,5.00,5.42,13.09,0.00,29.44,11.07,100.00,18.94,20.61,50.47,256,
aceh besar - indrapuri,5,0.11,14.30,79.02,0.03,53.10,9.56,59.53,12.16,31.80,77.21,94,
aceh besar - seulimeum,5,0.21,18.81,36.70,0.23,30.76,7.90,100.00,10.46,32.51,77.32,93,
aceh besar - montasik,6,0.10,13.16,45.81,0.00,33.87,10.57,52.39,12.52,28.45,81.17,30,
aceh besar - sukamakmur,6,0.11,6.82,11.94,0.00,42.85,10.73,52.35,13.10,18.96,81.53,25,
aceh besar - darul imarah,5,2.71,4.41,24.49,0.00,20.84,10.66,17.64,15.08,11.20,71.48,189,
aceh besar - peukan bada,3,5.00,3.43,40.84,0.00,30.11,10.35,25.17,13.93,20.57,55.82,246,
aceh besar - mesjid raya,3,5.00,13.27,25.26,1.08,3.89,10.69,100.00,7.84,31.10,54.68,250,
aceh besar - ingin jaya,6,0.54,8.06,25.75,0.00,25.05,10.63,24.34,15.15,20.47,82.22,17,
aceh besar - kuta baro,6,0.20,14.89,42.73,0.01,29.67,9.50,53.10,13.91,28.78,80.29,44,
aceh besar - darussalam,6,0.67,5.32,13.58,0.00,3.97,11.12,38.82,10.93,30.63,85.32,3,
aceh besar - pulo aceh,5,0.41,26.42,62.61,0.00,41.00,8.43,100.00,13.18,27.24,72.45,176,
aceh besar - lembah seulawah,5,0.21,18.22,54.84,0.19,45.28,8.29,100.00,6.54,41.11,75.81,121,
aceh besar - kota jantho,5,0.17,19.30,37.10,0.00,55.95,8.38,100.00,14.76,28.66,72.68,170,
aceh besar - kota cot glie,4,0.10,19.22,70.70,0.13,79.83,8.37,100.00,14.61,33.03,69.01,207,
aceh besar - kuta malaka,6,0.14,12.06,62.93,0.00,17.14,8.80,39.34,10.68,33.33,84.47,5,
aceh besar - simpang tiga,6,0.12,5.47,65.12,0.00,43.07,9.86,38.32,8.32,10.28,84.03,11,
aceh besar - darul kamal,6,0.57,9.70,38.11,0.04,11.56,10.58,36.00,10.72,25.15,84.09,9,
aceh besar - baitussalam,3,5.00,5.31,18.90,0.00,4.49,10.27,31.10,11.65,21.36,59.75,241,
aceh besar - krueng barona jaya,3,5.00,8.63,35.72,0.00,32.67,10.47,8.59,12.31,27.78,55.16,247,
aceh besar - leupung,5,1.21,13.92,67.69,0.00,29.46,9.75,100.00,12.34,28.28,72.58,172,
aceh besar - blang bintang,5,0.15,14.06,11.94,0.00,60.24,10.64,56.43,14.45,19.89,76.30,114,
pidie - batee,4,1.30,23.15,62.75,1.64,29.98,6.26,100.00,16.33,6.82,68.78,209,
pidie - delima,5,0.37,27.89,42.20,0.08,28.32,7.28,40.31,15.60,26.59,76.63,107,
pidie - geumpang,6,0.27,17.80,60.31,0.44,5.25,7.60,100.00,8.62,49.54,80.63,36,
pidie - geulumpang tiga,6,0.20,12.29,40.46,0.02,25.49,8.23,71.22,21.40,16.98,79.09,59,
pidie - indra jaya,6,0.22,21.05,32.24,0.00,35.35,9.33,38.50,14.70,17.75,79.00,61,
pidie - kembang tanjong,6,0.29,17.66,72.16,0.40,39.11,8.44,32.44,14.52,17.49,78.79,64,
pidie - kota sigli,3,5.00,13.13,14.56,0.00,46.04,9.71,23.43,12.22,4.30,52.53,253,
pidie - mila,5,0.20,16.94,61.06,0.00,38.48,7.33,100.00,8.26,21.26,77.78,84,
pidie - muara tiga,6,0.57,15.82,50.57,0.64,9.33,7.86,100.00,11.05,19.15,79.52,52,
pidie - mutiara,5,0.33,14.25,46.88,0.04,39.31,10.53,36.41,20.13,16.89,77.97,78,
pidie - padang tiji,5,0.30,25.68,19.62,0.35,53.27,8.16,100.00,12.93,10.81,72.17,183,
pidie - peukan baro,6,0.37,11.65,48.92,0.26,52.09,8.72,24.70,13.95,9.57,78.67,65,
pidie - pidie,6,1.01,15.39,45.95,0.24,12.38,8.88,29.31,18.48,14.01,78.59,67,
pidie - sakti,6,0.18,9.88,68.85,0.05,41.87,6.72,54.25,15.50,9.63,79.79,47,
pidie - simpang tiga,5,0.55,22.18,55.10,0.05,33.66,8.13,43.61,14.85,5.46,77.20,95,
pidie - tangse,6,0.36,6.17,81.94,0.07,3.29,7.23,100.00,19.79,15.67,81.83,22,
pidie - tiro/truseb,5,0.11,21.14,61.14,0.04,39.37,9.05,100.00,23.59,33.74,72.53,173,
pidie - keumala,5,0.12,15.84,69.16,0.00,34.21,9.01,100.00,21.50,24.76,75.53,124,
pidie - mutiara timur,6,0.28,15.57,58.21,0.15,14.10,8.76,44.00,14.71,12.33,83.02,15,
pidie - grong-grong,5,0.45,29.23,59.28,0.66,23.07,9.38,33.78,14.15,25.79,77.34,91,
pidie - mane,5,0.16,18.98,66.34,0.40,32.24,7.06,100.00,14.26,9.19,77.33,92,
pidie - glumpang baro,6,0.19,15.04,50.04,0.37,49.11,9.21,28.19,14.78,18.42,78.59,66,
pidie - titeue,5,0.17,11.45,52.13,0.00,37.96,8.72,91.40,13.14,31.75,78.00,76,
aceh utara - baktiya,5,0.14,17.66,68.07,0.51,67.02,9.18,73.46,8.58,15.24,75.02,130,
aceh utara - dewantara,5,1.89,4.01,36.02,0.00,19.55,9.16,42.79,16.68,11.33,74.81,135,
aceh utara - kuta makmur,6,0.31,15.43,62.28,0.31,21.84,8.15,86.97,14.65,21.34,78.93,62,
aceh utara - lhoksukon,5,0.17,16.65,40.37,0.50,31.56,8.99,84.08,26.38,18.36,75.06,128,
aceh utara - matangkuli,5,0.32,12.38,57.82,0.19,2.21,9.40,33.89,40.58,22.05,78.33,70,
aceh utara - muara batu,6,0.42,10.37,34.03,0.13,31.55,9.47,19.50,8.97,3.80,84.02,12,
aceh utara - meurah mulia,6,0.21,13.87,24.76,0.37,0.71,10.56,100.00,11.94,20.11,83.64,14,
aceh utara - samudera,5,0.49,12.66,61.03,1.33,17.74,8.80,24.04,27.86,17.57,78.46,68,
aceh utara - seunuddon,6,0.31,18.58,81.29,2.09,18.39,7.44,32.05,13.93,7.90,81.50,26,
aceh utara - syamtalira aron,5,0.33,7.34,33.35,0.00,65.54,8.72,16.45,18.76,31.54,75.85,120,
aceh utara - syamtalira bayu,5,0.29,12.34,14.31,0.43,51.04,7.89,40.17,17.07,2.43,77.78,83,
aceh utara - tanah luas,6,0.19,11.81,31.37,2.47,31.26,9.59,11.43,11.04,6.05,83.78,13,
aceh utara - tanah pasir,5,0.60,13.74,35.66,0.11,61.79,7.63,16.98,24.95,7.28,72.79,168,
aceh utara - tanah jambo aye,6,0.27,13.81,59.06,0.76,36.70,9.36,48.51,14.49,14.84,79.45,54,
aceh utara - sawang,5,0.31,16.88,59.02,3.00,31.96,9.23,100.00,15.91,22.40,74.82,133,
aceh utara - nisam,6,0.21,17.05,66.45,0.00,22.52,8.47,68.30,6.54,26.61,82.12,19,
aceh utara - cot girek,5,0.91,9.33,46.67,4.95,34.24,9.13,100.00,7.92,12.92,74.35,144,
aceh utara - langkahan,5,0.27,19.67,38.06,1.21,15.69,8.68,82.25,24.90,8.92,76.94,100,
aceh utara - baktiya barat,5,0.16,17.61,37.30,4.47,35.94,9.96,59.77,18.31,11.99,76.27,115,
aceh utara - paya bakong,5,0.20,25.75,72.20,5.51,13.38,7.55,100.00,16.47,23.86,74.88,131,
aceh utara - nibong,6,0.28,16.07,59.21,0.29,39.59,9.26,37.12,8.75,20.50,80.46,41,
aceh utara - simpang kramat,5,0.30,16.40,42.49,4.65,59.15,8.42,69.98,8.70,27.67,73.09,163,
aceh utara - lapang,6,0.50,8.30,44.64,0.00,35.68,9.05,20.95,17.51,39.39,79.01,60,
aceh utara - pirak timur,5,0.18,21.76,58.22,4.86,36.48,7.84,8.57,26.00,39.75,73.71,156,
aceh utara - geuredong pase,5,0.37,13.53,54.32,1.03,37.91,9.29,100.00,16.92,24.81,74.80,137,
aceh utara - banda baro,5,1.16,16.48,57.41,4.07,53.61,8.97,35.29,15.16,11.06,69.96,200,
aceh utara - nisam antara,3,3.27,22.71,43.33,6.20,16.19,8.39,81.92,23.66,28.34,55.14,248,
simeulue - simeulue tengah,6,0.02,20.14,56.77,2.95,1.83,9.38,100.00,10.12,28.94,81.91,21,
simeulue - salang,5,0.02,24.68,64.21,9.07,32.54,8.12,100.00,10.13,38.10,72.62,171,
simeulue - teupah barat,5,0.02,40.76,28.13,2.84,16.09,8.30,100.00,21.18,33.57,71.76,186,
simeulue - simeulue timur,6,0.02,11.55,31.95,0.26,8.81,9.64,84.60,13.27,21.45,84.33,6,
simeulue - teluk dalam,5,0.02,44.81,42.51,2.39,16.52,7.52,100.00,10.48,26.35,74.20,149,
simeulue - simeulue barat,5,0.02,42.74,29.34,1.86,16.51,8.51,100.00,16.03,39.83,72.80,167,
simeulue - teupah selatan,5,0.02,38.59,24.27,1.56,44.93,7.93,47.32,13.45,33.25,73.02,164,
simeulue - alapan,4,0.02,52.78,50.72,0.25,34.26,8.02,100.00,22.09,34.26,67.04,219,
simeulue - teupah tengah,5,0.02,35.43,13.10,0.97,12.58,8.91,100.00,18.34,21.12,75.88,118,
simeulue - simeulue cut,5,0.02,30.01,72.75,4.77,38.13,8.27,93.16,16.64,17.07,72.19,180,
aceh singkil - pulau banyak,2,5.00,34.70,74.24,1.68,45.19,8.20,68.27,10.62,25.23,43.90,262,
aceh singkil - simpang kanan,4,1.38,28.20,30.26,1.51,42.40,8.03,100.00,18.00,26.73,64.04,231,
aceh singkil - singkil,2,5.00,19.57,33.93,0.04,23.24,9.58,100.00,12.21,3.91,50.80,255,
aceh singkil - gunung meriah,2,5.00,12.56,18.81,0.12,36.57,9.06,71.21,15.60,21.92,49.77,257,
aceh singkil - kota baharu,2,5.00,26.52,34.92,3.17,22.36,6.33,100.00,7.27,14.41,48.42,259,
aceh singkil - singkil utara,2,5.00,24.73,51.64,0.00,11.85,8.94,100.00,41.81,21.95,42.30,263,
aceh singkil - danau paris,4,0.77,29.63,43.75,0.91,35.10,8.25,100.00,16.99,35.02,68.62,210,
aceh singkil - suro makmur,4,0.84,44.30,36.83,5.82,10.91,8.07,100.00,22.25,22.41,65.69,225,
aceh singkil - singkohor,3,5.00,11.87,27.69,0.84,18.95,8.54,100.00,14.16,3.48,52.23,254,
aceh singkil - kuala baru,2,5.00,33.93,82.98,0.00,58.91,7.54,100.00,11.21,5.45,41.89,264,
aceh singkil - pulau banyak barat,2,5.00,50.03,80.69,1.47,15.07,7.23,100.00,9.83,10.37,44.61,261,
bireuen - samalanga,5,0.30,14.57,44.22,0.01,67.08,8.81,100.00,16.91,6.56,71.77,184,
bireuen - jeunieb,5,0.25,25.57,53.95,1.28,49.66,8.17,100.00,17.80,7.02,71.42,190,
bireuen - peudada,4,0.31,23.93,57.03,1.83,41.13,9.08,100.00,34.04,13.57,67.85,214,
bireuen - jeumpa,5,0.31,28.15,38.97,0.11,16.72,9.57,100.00,20.19,14.09,75.37,125,
bireuen - peusangan,5,0.38,19.75,38.37,0.10,50.36,10.35,37.87,19.94,12.21,74.87,132,
bireuen - makmur,4,0.29,31.08,64.40,0.27,69.79,8.58,100.00,14.08,12.17,68.03,213,
bireuen - gandapura,5,0.33,26.13,44.53,0.14,42.28,10.20,45.58,26.24,22.93,72.32,178,
bireuen - pandrah,5,0.26,22.97,59.91,1.32,58.80,8.85,100.00,11.02,31.18,71.17,193,
bireuen - juli,5,0.46,21.10,36.30,1.81,27.99,9.22,100.00,24.65,9.88,72.46,175,
bireuen - jangka,5,0.47,23.18,47.58,0.36,51.81,10.60,41.30,14.40,19.72,74.20,148,
bireuen - simpang mamplam,5,0.30,28.69,61.39,0.37,27.96,8.71,100.00,16.19,6.62,74.81,136,
bireuen - peulimbang,4,0.28,36.09,61.10,1.18,64.86,6.61,100.00,21.31,14.77,65.03,227,
bireuen - kota juang,6,1.25,13.54,15.96,0.02,12.54,11.12,4.07,10.79,9.94,81.48,27,
bireuen - kuala,5,0.37,13.25,34.63,0.00,36.56,9.48,26.32,25.95,12.87,77.46,90,
bireuen - peusangan siblah krueng,4,0.24,41.38,13.63,5.11,56.25,8.19,100.00,13.59,30.86,65.11,226,
bireuen - peusangan selatan,4,0.42,37.50,18.90,2.85,41.18,9.46,100.00,20.42,12.36,67.53,217,
bireuen - kuta blang,5,0.34,20.93,22.24,0.03,37.12,10.61,47.20,17.65,20.21,76.78,104,
aceh barat daya - blang pidie,6,0.40,4.15,15.41,0.41,25.71,9.53,6.58,13.73,20.30,84.79,4,
aceh barat daya - tangan-tangan,5,0.12,20.06,57.34,0.23,57.54,6.99,2.04,16.59,20.30,77.08,96,
aceh barat daya - manggeng,6,0.23,10.49,59.14,0.36,38.95,8.70,0.53,20.66,20.30,80.60,37,
aceh barat daya - susoh,6,0.47,6.80,32.31,0.02,5.06,10.02,0.17,17.86,20.30,86.45,1,
aceh barat daya - kuala batee,5,0.18,8.41,57.41,0.92,56.59,8.67,1.74,22.64,20.30,77.73,86,
aceh barat daya - babah rot,6,0.22,10.33,52.34,4.46,25.53,7.79,7.34,16.11,20.30,81.75,23,
aceh barat daya - setia,5,0.12,12.49,32.21,0.00,55.82,7.51,1.05,21.10,20.30,78.07,73,
aceh barat daya - jeumpa,6,0.14,11.97,71.51,0.10,41.00,8.36,7.49,15.98,20.30,81.47,28,
aceh barat daya - lembah sabil,6,0.29,8.79,50.89,0.06,44.36,8.79,1.77,21.20,20.30,79.69,50,
gayo lues - blangkejeren,6,0.48,1.93,17.21,0.07,22.10,10.09,100.00,17.10,3.13,80.90,33,
gayo lues - kutapanjang,6,0.21,3.43,30.71,0.37,7.66,8.46,100.00,13.58,17.39,84.33,7,
gayo lues - rikit gaib,5,0.41,2.67,54.77,0.51,57.40,8.19,100.00,10.93,26.17,75.63,123,
gayo lues - terangun,4,0.67,10.91,43.85,2.31,56.69,6.72,100.00,18.28,57.30,67.71,216,
gayo lues - pining,4,0.46,15.57,54.79,0.83,88.05,6.51,100.00,21.75,46.26,63.23,234,
gayo lues - blangpegayon,5,0.35,10.60,41.59,0.11,43.15,8.48,100.00,12.16,24.75,76.41,110,
gayo lues - puteri betung,4,1.57,20.14,50.82,0.08,22.21,8.13,100.00,21.53,36.87,66.99,220,
gayo lues - dabun gelang,5,0.26,7.93,66.21,1.59,55.65,8.23,100.00,26.63,24.85,70.86,195,
gayo lues - blangjerango,5,0.28,5.47,29.80,0.04,67.69,6.93,100.00,17.74,30.34,72.18,181,
gayo lues - teripe jaya,5,0.98,6.55,20.62,0.24,37.65,5.81,100.00,15.25,32.43,72.84,165,
gayo lues - pantan cuaca,3,1.42,4.66,78.65,0.38,77.34,5.91,100.00,32.20,32.71,59.54,243,
aceh jaya - teunom,5,0.34,6.58,41.10,0.00,16.97,8.85,100.00,25.59,27.95,77.73,88,
aceh jaya - krueng sabee,5,0.40,3.38,27.50,0.07,40.80,9.41,100.00,17.98,19.10,76.94,99,
aceh jaya - setia bhakti,5,0.30,10.47,19.63,0.51,29.33,8.98,100.00,17.31,34.86,76.88,102,
aceh jaya - sampoiniet,5,0.91,7.86,35.29,0.17,38.55,8.85,100.00,12.20,27.24,74.27,146,
aceh jaya - jaya,5,0.20,13.35,50.34,0.06,35.59,9.21,100.00,13.55,19.18,77.91,80,
aceh jaya - panga,5,0.24,9.63,51.92,0.15,52.42,8.73,100.00,21.28,22.24,73.48,161,
aceh jaya - indra jaya,5,0.33,3.83,49.50,0.00,70.49,9.13,100.00,17.79,25.94,72.22,179,
aceh jaya - darul hikmah,5,0.29,26.67,37.27,0.00,12.65,7.99,100.00,17.83,39.07,75.67,122,
aceh jaya - pasie raya,5,0.18,9.83,63.94,0.00,48.57,7.82,100.00,38.51,19.39,69.73,205,
nagan raya - kuala,3,5.00,8.72,28.34,0.17,24.93,9.49,2.57,11.72,21.17,57.01,245,
nagan raya - seunagan,6,0.20,9.01,28.30,0.21,57.66,10.46,0.73,14.33,24.95,79.91,46,
nagan raya - seunagan timur,6,0.11,7.68,37.92,0.48,21.33,9.64,4.41,15.88,20.88,85.90,2,
nagan raya - beutong,6,0.11,17.66,66.50,1.02,32.85,8.10,20.35,14.21,17.20,81.23,29,
nagan raya - darul makmur,3,2.65,19.22,34.79,0.53,46.17,7.71,13.88,26.95,36.17,59.54,242,
nagan raya - suka makmue,6,0.07,11.87,18.96,0.28,39.49,9.89,1.43,22.41,18.79,80.93,32,
nagan raya - kuala pesisir,5,1.66,6.93,32.96,0.48,34.70,9.41,1.17,8.67,28.29,76.36,112,
nagan raya - tadu raya,5,1.31,12.48,51.23,0.54,26.28,8.38,7.72,8.93,28.73,77.97,79,
nagan raya - tripa makmur,5,0.80,20.34,62.14,2.20,28.08,8.64,10.52,35.42,32.06,70.66,196,
nagan raya - beutong ateuh banggalang,5,0.19,12.06,29.34,4.15,60.77,8.70,21.36,10.06,42.76,76.00,116,
aceh tamiang - manyak payed,5,0.19,18.35,68.90,0.61,42.51,8.69,100.00,16.20,17.14,74.82,134,
aceh tamiang - bendahara,6,0.25,11.43,59.96,0.29,19.48,9.63,93.33,15.70,10.33,80.72,34,
aceh tamiang - karang baru,6,0.53,8.24,29.95,0.04,19.99,10.00,100.00,10.66,14.67,80.67,35,
aceh tamiang - seruway,5,0.29,14.12,37.73,0.06,34.38,8.74,100.00,20.03,13.34,75.85,119,
aceh tamiang - kota kualasinpang,3,5.00,3.63,23.37,0.00,8.49,11.06,14.93,15.90,3.91,60.13,239,
aceh tamiang - kejuruan muda,5,1.51,7.01,38.65,0.19,29.26,8.96,100.00,14.42,12.65,72.49,174,
aceh tamiang - tamiang hulu,5,1.91,6.73,37.70,0.00,15.53,8.34,100.00,21.99,6.23,70.58,197,
aceh tamiang - rantau,6,0.91,4.38,20.29,0.08,13.90,9.35,42.04,15.33,7.21,82.18,18,
aceh tamiang - banda mulia,5,0.10,11.71,55.71,0.00,37.70,7.77,98.51,18.02,4.24,78.06,74,
aceh tamiang - bandar pusaka,5,0.31,17.35,85.22,0.19,33.09,7.27,100.00,19.91,16.87,74.79,139,
aceh tamiang - tenggulun,5,0.61,12.35,47.19,0.16,24.54,8.07,100.00,12.85,4.29,78.20,71,
aceh tamiang - sekerak,6,0.68,18.04,18.87,1.09,26.67,54.00,100.00,16.00,21.20,78.79,63,
bener meriah - pintu rime gayo,5,0.85,2.33,52.33,2.76,38.53,8.93,100.00,16.64,30.02,73.30,162,
bener meriah - permata,4,1.71,2.36,17.65,0.85,73.05,8.93,100.00,10.53,35.00,65.02,228,
bener meriah - syiah utama,4,0.03,15.98,68.85,16.39,63.32,9.72,100.00,18.53,35.59,64.28,229,
bener meriah - bandar,3,4.28,1.67,52.04,0.00,26.59,9.50,100.00,24.01,13.77,54.86,249,
bener meriah - bukit,4,1.94,0.75,22.02,0.43,47.81,10.78,100.00,19.22,34.74,66.00,224,
bener meriah - wih pesam,4,1.86,0.74,33.76,0.00,36.52,10.03,100.00,22.87,18.78,68.20,212,
bener meriah - timang gajah,5,0.20,0.71,30.78,1.25,43.08,9.17,100.00,19.40,28.62,76.91,101,
bener meriah - bener kelipah,6,0.10,0.84,44.16,0.00,38.94,8.54,100.00,13.04,17.20,80.98,31,
bener meriah - mesidah,5,0.78,3.14,56.48,10.76,36.86,9.03,100.00,11.07,28.68,71.76,185,
bener meriah - gajah putih,5,0.22,0.81,28.73,0.48,52.04,8.41,100.00,27.13,15.08,74.21,147,
pidie jaya - meureudu,5,0.28,17.16,30.39,0.02,59.59,9.49,84.68,16.70,18.47,72.80,166,
pidie jaya - ulim,5,0.25,25.47,39.02,0.60,41.32,9.57,50.56,15.42,14.67,75.99,117,
pidie jaya - jangka buaya,5,0.28,21.22,52.79,0.03,95.87,8.91,32.81,11.36,22.04,69.91,201,
pidie jaya - bandar dua,5,0.20,18.49,41.80,0.18,36.81,9.50,67.19,20.95,9.04,76.71,105,
pidie jaya - meurah dua,5,0.30,11.48,42.19,0.00,26.27,9.53,100.00,16.26,34.84,77.66,89,
pidie jaya - bandar baru,5,0.25,18.10,58.00,0.05,20.50,8.25,61.32,26.62,32.56,76.43,109,
pidie jaya - panteraja,5,0.48,27.21,4589.00,0.00,23.91,8.81,38.24,17.73,10.99,69.89,202,
pidie jaya - trienggadeng,6,0.23,14.68,50.45,0.03,26.69,9.79,62.47,14.77,19.29,80.46,40,
kota banda aceh - baiturrahman,6,0.00,3.21,12.93,0.00,7.97,11.10,12.27,15.53,7.91,83.79,6,
kota banda aceh - kuta alam,6,0.00,0.67,10.09,0.00,3.92,11.24,15.70,14.23,17.70,87.79,2,
kota banda aceh - meuraxa,6,0.00,1.98,12.74,0.00,13.49,11.11,18.15,13.46,14.58,83.89,5,
kota banda aceh - syiah kuala,6,0.00,2.34,9.15,0.18,11.67,11.32,23.74,13.69,6.30,85.40,4,
kota banda aceh - lueng bata,6,0.00,3.75,19.15,0.00,11.62,11.17,13.03,18.34,5.98,76.58,14,
kota banda aceh - kuta raja,6,0.00,4.16,27.79,0.00,3.65,10.48,16.81,13.25,11.73,81.58,7,
kota banda aceh - banda raya,6,0.00,2.77,11.66,0.00,9.26,10.58,10.64,18.37,9.15,78.75,11,
kota banda aceh - jaya baru,6,0.00,2.21,12.27,0.00,1.68,11.04,9.22,15.30,5.83,88.07,1,
kota banda aceh - ulee kareng,6,0.00,4.03,12.28,0.00,3.07,10.55,12.30,11.39,25.22,86.40,3,
kota sabang - sukakarya,6,0.00,6.13,23.64,0.00,8.77,10.83,0.34,15.23,6.25,79.48,9,
kota sabang - sukajaya,6,0.00,5.54,11.32,0.07,19.91,10.92,0.88,13.04,16.22,79.85,8,
kota lhokseumawe - muara dua,5,0.00,9.20,24.46,0.00,13.00,10.32,23.88,16.63,10.13,69.48,15,
kota lhokseumawe - banda sakti,6,0.00,11.61,15.40,0.03,4.64,10.87,2.60,14.95,7.05,78.81,10,
kota lhokseumawe - blang mangat,4,0.00,25.48,27.86,0.25,24.77,9.61,26.22,15.11,8.74,50.40,22,
kota lhokseumawe - muara satu,5,0.00,14.11,29.87,0.00,23.49,9.39,27.27,10.10,24.18,64.80,17,
kota langsa - langsa timur,5,0.00,24.45,23.45,0.07,7.38,9.52,76.70,13.78,3.06,59.31,20,
kota langsa - langsa barat,5,0.00,14.97,20.26,0.01,5.34,9.58,35.87,18.10,2.70,66.05,16,
kota langsa - langsa kota,6,0.00,9.52,14.03,0.00,10.28,11.22,2.78,16.70,4.75,77.49,12,
kota langsa - langsa lama,5,0.00,15.16,19.02,0.02,19.73,10.42,48.44,17.31,7.08,61.42,19,
kota langsa - langsa baro,6,0.00,6.06,11.89,0.03,11.24,11.09,48.95,16.51,1.94,77.27,13,
kota subulussalam - simpang kiri,5,0.00,5.08,19.55,0.77,28.21,9.78,41.93,14.01,21.57,61.87,18,
kota subulussalam - penanggalan,3,0.00,5.67,40.30,1.72,50.32,10.40,97.89,15.32,18.16,35.91,24,
kota subulussalam - rundeng,3,0.00,13.91,43.18,0.23,15.76,7.29,100.00,15.46,36.97,42.11,23,
kota subulussalam - sultan daulat,2,0.00,11.46,43.11,1.65,23.17,7.77,100.00,18.83,30.88,28.28,25,
kota subulussalam - longkib,4,0.00,5.96,53.95,0.28,7.10,6.61,100.00,12.41,18.64,55.93,21,
